tier,role,year,author,authors,title,venue,doi,cites,cites_source,cites_asof,factor_ids
methods,Three-factor model,1993,Fama,"Eugene F. Fama, Kenneth R. French",Common risk factors in the returns on stocks and bonds,Journal of Financial Economics,10.1016/0304-405x(93)90023-5,28047,OpenAlex,2026-10-04,HML;SMB_FF3
methods,Momentum factor / four-factor model,1997,Carhart,Mark M. Carhart,On Persistence in Mutual Fund Performance,The Journal of Finance,10.1111/j.1540-6261.1997.tb03808.x,17258,OpenAlex,2026-10-04,UMD
methods,Cross-sectional regressions,1973,Fama,"Eugene F. Fama, James D. MacBeth","Risk, Return, and Equilibrium: Empirical Tests",Journal of Political Economy,10.1086/260061,15226,OpenAlex,2026-10-04,Beta
methods,Five-factor model,2015,Fama,"Eugene F. Fama, Kenneth R. French",A five-factor asset pricing model,Journal of Financial Economics,10.1016/j.jfineco.2014.10.010,8158,OpenAlex,2026-10-04,RMW;CMA
methods,Sentiment index,2006,Baker,"Malcolm P. Baker, Jeffrey A. Wurgler",Investor Sentiment and the Cross‐Section of Stock Returns,The Journal of Finance,10.1111/j.1540-6261.2006.00885.x,6330,OpenAlex,2026-10-04,
methods,1/N combination,2009,DeMiguel,"Victor DeMiguel, Lorenzo Garlappi, Raman Uppal",Optimal Versus Naive Diversification: How Inefficient is the 1/ N Portfolio Strategy?,Review of Financial Studies,10.1093/rfs/hhm075,3328,OpenAlex,2026-10-04,
methods,q-factor model,2015,Hou,"Kewei Hou, Chen Xue, Lu Zhang",Digesting Anomalies: An Investment Approach,Review of Financial Studies,10.1093/rfs/hhu068,2707,OpenAlex,2026-10-04,Q_IA;Q_ROE
methods,Value and momentum across assets,2013,Asness,"Clifford S. Asness, Tobias J. Moskowitz, Lasse Heje Pedersen",Value and Momentum Everywhere,The Journal of Finance,10.1111/jofi.12021,2298,OpenAlex,2026-10-04,
methods,Multiple testing,2016,Harvey,"Campbell R. Harvey, Yan Liu, Caroline Zhu",… and the Cross-Section of Expected Returns,Review of Financial Studies,10.1093/rfs/hhv059,2183,OpenAlex,2026-10-04,
methods,Sentiment and anomalies,2012,Stambaugh,"Robert F. Stambaugh, Jianfeng Yu, Yu Yuan",The short of it: Investor sentiment and anomalies,Journal of Financial Economics,10.1016/j.jfineco.2011.12.001,1871,OpenAlex,2026-10-04,
methods,Post-publication decay,2016,McLean,"R. David McLean, Jeffrey Pontiff",Does Academic Research Destroy Stock Return Predictability?,The Journal of Finance,10.1111/jofi.12365,1621,OpenAlex,2026-10-04,
methods,Replication,2020,Hou,"Kewei Hou, Xue Chen, Lu Zhang",Replicating Anomalies,Review of Financial Studies,10.1093/rfs/hhy131,1068,OpenAlex,2026-10-04,
methods,Trading costs,2016,Novy-Marx,"Robert Novy‐Marx, Mihail Velikov",A Taxonomy of Anomalies and Their Trading Costs,Review of Financial Studies,10.1093/rfs/hhv063,701,OpenAlex,2026-10-04,
methods,q5 model,2021,Hou,"Kewei Hou, Haitao Mo, Xue Chen, Lu Zhang",An Augmented q -Factor Model with Expected Growth,European Finance Review,10.1093/rof/rfaa004,530,OpenAlex,2026-10-04,Q_EG
methods,Replication,2023,Jensen,"Theis Ingerslev Jensen, Bryan Kelly, Lasse Heje Pedersen",Is There a Replication Crisis in Finance?,The Journal of Finance,10.1111/jofi.13249,511,OpenAlex,2026-10-04,
methods,Open-source replication,2022,Chen,"Andrew Y. Chen, Tom Zimmermann",Open Source Cross-Sectional Asset Pricing,Critical Finance Review,10.1561/104.00000112,413,OpenAlex,2026-10-04,
methods,Deflated Sharpe ratio,2014,Bailey,"David H. Bailey, Marcos López de Prado","The Deflated Sharpe Ratio: Correcting for Selection Bias, Backtest Overfitting, and Non-Normality",The Journal of Portfolio Management,10.3905/jpm.2014.40.5.094,120,OpenAlex,2026-10-04,
factor,Value / size,1992,Fama,"Eugene F. Fama, Kenneth R. French",The Cross‐Section of Expected Stock Returns,The Journal of Finance,10.1111/j.1540-6261.1992.tb04398.x,15079,OpenAlex,2026-10-04,AM;BMdec
factor,Momentum,1993,Jegadeesh,"Narasimhan Jegadeesh, Sheridan D. Titman",Returns to Buying Winners and Selling Losers: Implications for Stock Market Efficiency,The Journal of Finance,10.1111/j.1540-6261.1993.tb04702.x,11666,OpenAlex,2026-10-04,Mom12m
factor,Illiquidity,2002,Amihud,Yakov Amihud,Illiquidity and stock returns: cross-section and time-series effects,Journal of Financial Markets,10.1016/s1386-4181(01)00024-6,10637,OpenAlex,2026-10-04,Illiquidity
factor,Long-term reversal,1985,De Bondt,"Werner F. M. De Bondt, Richard H. Thaler",Does the Stock Market Overreact?,The Journal of Finance,10.1111/j.1540-6261.1985.tb05004.x,7331,OpenAlex,2026-10-04,LRreversal
factor,Size,1981,Banz,Rolf W. Banz,The relationship between return and market value of common stocks,Journal of Financial Economics,10.1016/0304-405x(81)90018-0,6135,OpenAlex,2026-10-04,Size
factor,Idiosyncratic volatility,2006,Ang,"Andrew Ang, Robert J. Hodrick, Yuhang Xing, Xiaoyan Zhang",The Cross‐Section of Volatility and Expected Returns,The Journal of Finance,10.1111/j.1540-6261.2006.00836.x,4866,OpenAlex,2026-10-04,IdioVol3F
factor,Value (contrarian),1994,Lakonishok,"Josef Lakonishok, ANDREI SHLEIFER, Robert W. Vishny","Contrarian Investment, Extrapolation, and Risk",The Journal of Finance,10.1111/j.1540-6261.1994.tb04772.x,4426,OpenAlex,2026-10-04,CF
factor,Short-term reversal,1990,Jegadeesh,Narasimhan Jegadeesh,Evidence of Predictable Behavior of Security Returns,The Journal of Finance,10.1111/j.1540-6261.1990.tb05110.x,2787,OpenAlex,2026-10-04,STreversal
factor,Earnings yield,1977,Basu,S. Basu,INVESTMENT PERFORMANCE OF COMMON STOCKS IN RELATION TO THEIR PRICE‐EARNINGS RATIOS: A TEST OF THE EFFICIENT MARKET HYPOTHESIS,The Journal of Finance,10.1111/j.1540-6261.1977.tb01979.x,2487,OpenAlex,2026-10-04,EP
factor,Betting against beta,2014,Frazzini,"Andrea Frazzini, Lasse Heje Pedersen",Betting against beta,Journal of Financial Economics,10.1016/j.jfineco.2013.10.005,2101,OpenAlex,2026-10-04,BetaFP
factor,Gross profitability,2013,Novy-Marx,Robert Novy‐Marx,The other side of value: The gross profitability premium,Journal of Financial Economics,10.1016/j.jfineco.2013.01.003,2096,OpenAlex,2026-10-04,GP
factor,Accruals,1996,Sloan,Richard G. Sloan,Do Stock Prices Fully Reflect Information in Accruals and Cash Flows About Future Earnings?,The Accounting Review,10.2308/tar-9608042309,2035,OpenAlex,2026-10-04,Accruals
factor,Lottery / max return,2011,Bali,"Turan G. Bali, Nusret Cakici, Robert Whitelaw",Maxing out: Stocks as lotteries and the cross-section of expected returns,Journal of Financial Economics,10.1016/j.jfineco.2010.08.014,1772,OpenAlex,2026-10-04,MaxRet
factor,Asset growth,2008,Cooper,"Michael J. Cooper, Huseyin Gulen, Michael J. Schill",Asset Growth and the Cross‐Section of Stock Returns,The Journal of Finance,10.1111/j.1540-6261.2008.01370.x,1607,OpenAlex,2026-10-04,AssetGrowth
factor,F-score,2000,Piotroski,Joseph D. Piotroski,Value Investing: The Use of Historical Financial Statement Information to Separate Winners from Losers,Journal of Accounting Research,10.2307/2672906,1279,OpenAlex,2026-10-04,PS
factor,52-week high,2004,George,"THOMAS J. GEORGE, Chuan-Yang Hwang",The 52‐Week High and Momentum Investing,The Journal of Finance,10.1111/j.1540-6261.2004.00695.x,860,OpenAlex,2026-10-04,High52
